date,time,cus_no,pid
14-12-2025,2:30:00 AM,150,20
13-10-2024,9:30:00 AM,1,132
20-09-2025,7:00:00 AM,68,31
25-01-2025,8:15:00 AM,61,27
29-07-2024,4:45:00 AM,83,91
13-12-2025,3:45:00 AM,223,85
09-11-2024,8:45:00 PM,53,4
15-02-2025,4:00:00 AM,126,38
16-08-2025,6:30:00 PM,260,43
17-06-2024,11:00:00 AM,108,165
31-08-2025,12:15:00 PM,249,118
06-11-2025,3:45:00 AM,289,180
02-12-2025,1:30:00 PM,252,94
14-07-2024,8:00:00 AM,289,13
21-06-2024,12:30:00 PM,341,167
06-10-2024,12:30:00 AM,229,91
18-10-2024,4:15:00 PM,306,208
29-06-2024,10:45:00 AM,161,74
08-06-2025,12:30:00 PM,47,138
29-01-2026,10:45:00 AM,333,16
23-10-2025,7:30:00 AM,31,164
01-12-2025,1:15:00 PM,105,43
20-12-2025,10:45:00 PM,326,176
24-08-2025,4:30:00 AM,205,26
03-11-2025,12:15:00 AM,171,81
22-11-2025,11:15:00 PM,107,104
27-09-2025,11:45:00 PM,245,47
10-05-2025,11:45:00 PM,383,15
15-01-2026,2:30:00 AM,89,118
25-12-2024,5:00:00 AM,125,235
15-07-2024,7:15:00 PM,142,131
11-01-2025,6:45:00 AM,102,226
30-09-2025,12:45:00 AM,19,126
28-09-2025,5:45:00 AM,344,168
29-01-2026,12:45:00 AM,352,31
17-11-2024,5:15:00 AM,21,72
18-11-2025,2:15:00 AM,213,77
16-11-2024,10:45:00 AM,185,164
10-05-2025,10:15:00 PM,369,222
13-08-2025,8:15:00 PM,395,78
31-05-2025,8:30:00 AM,195,189
28-05-2024,2:00:00 PM,394,93
04-05-2025,9:45:00 PM,213,25
24-09-2025,2:45:00 PM,204,221
10-11-2025,6:00:00 PM,362,80
05-05-2025,7:00:00 PM,374,161
19-11-2024,5:45:00 AM,101,179
22-03-2025,4:00:00 PM,203,3
22-09-2024,12:00:00 PM,354,187
24-05-2025,2:30:00 PM,343,75
08-02-2025,8:45:00 AM,276,174
25-10-2025,7:00:00 AM,172,71
02-01-2025,8:30:00 AM,11,205
22-03-2025,5:00:00 AM,276,197
04-03-2025,10:30:00 AM,123,221
22-05-2025,12:15:00 AM,259,138
19-12-2024,10:00:00 AM,317,53
25-05-2025,9:15:00 AM,99,167
19-04-2025,6:15:00 AM,154,17
19-03-2025,1:30:00 AM,24,6
22-02-2025,8:15:00 AM,80,19
08-08-2024,10:45:00 AM,186,51
23-01-2025,6:00:00 AM,88,59
10-06-2024,11:00:00 AM,158,184
16-11-2024,8:45:00 AM,213,172
07-01-2025,3:30:00 AM,200,4
23-08-2024,11:30:00 AM,385,209
29-08-2024,2:00:00 PM,336,185
13-09-2024,6:00:00 AM,180,161
14-08-2024,7:30:00 AM,78,204
14-02-2025,8:30:00 PM,306,132
18-12-2024,7:45:00 PM,230,44
18-10-2025,4:30:00 AM,377,29
29-06-2025,11:45:00 AM,388,42
21-05-2025,1:45:00 PM,353,71
18-12-2025,8:15:00 PM,301,188
09-01-2025,9:15:00 AM,208,214
19-01-2026,1:00:00 PM,374,18
09-11-2025,5:15:00 AM,4,81
30-08-2025,1:45:00 PM,169,11
17-06-2025,9:30:00 AM,302,190
19-10-2024,7:30:00 AM,216,72
13-07-2024,11:00:00 AM,387,35
24-03-2025,10:45:00 AM,301,84
19-12-2024,12:15:00 AM,391,103
16-09-2025,3:15:00 AM,302,110
21-12-2024,4:00:00 PM,342,82
07-10-2024,3:45:00 AM,222,93
22-06-2024,1:15:00 PM,75,40
05-08-2025,5:45:00 AM,366,225
12-09-2024,11:00:00 PM,126,92
29-09-2024,11:30:00 AM,363,162
16-10-2024,5:00:00 AM,264,49
21-08-2025,8:45:00 PM,132,148
16-08-2025,6:00:00 PM,57,180
27-08-2024,8:30:00 PM,113,96
17-10-2024,1:45:00 AM,89,58
04-04-2025,6:00:00 AM,370,111
27-05-2025,4:15:00 PM,186,146
28-08-2024,9:45:00 AM,275,88
20-08-2024,7:45:00 PM,323,62
26-11-2024,2:45:00 AM,189,4
21-05-2025,2:00:00 AM,130,205
07-01-2025,3:15:00 AM,44,221
22-01-2025,4:30:00 AM,247,207
09-01-2025,9:15:00 PM,332,234
22-01-2026,12:00:00 PM,88,206
10-02-2025,6:15:00 PM,224,207
28-01-2025,7:45:00 PM,378,19
22-10-2025,12:00:00 PM,399,215
21-03-2025,2:30:00 AM,109,58
23-12-2024,7:45:00 PM,293,143
25-06-2024,11:30:00 AM,341,214
26-02-2025,5:15:00 PM,244,126
02-05-2025,1:00:00 PM,284,85
30-06-2025,1:00:00 AM,340,193
12-04-2025,1:15:00 PM,325,167
16-10-2024,5:45:00 AM,178,57
13-03-2025,2:30:00 AM,131,151
16-05-2024,12:00:00 PM,339,144
08-10-2024,7:45:00 PM,136,168
26-11-2025,8:00:00 AM,126,223
20-12-2025,11:45:00 PM,383,48
28-09-2025,11:15:00 AM,271,37
16-11-2025,1:15:00 AM,294,137
22-12-2024,1:45:00 PM,378,60
31-01-2025,10:00:00 PM,274,230
04-02-2025,6:15:00 AM,31,5
01-05-2025,8:00:00 AM,383,61
21-06-2024,5:45:00 AM,176,170
29-11-2024,11:45:00 PM,166,218
19-08-2024,11:45:00 AM,303,35
03-12-2024,9:00:00 AM,271,35
10-10-2024,8:00:00 PM,226,153
28-05-2024,11:30:00 AM,17,8
23-07-2024,7:00:00 PM,27,100
29-07-2025,8:45:00 PM,356,81
23-10-2024,9:00:00 PM,170,14
21-06-2024,1:00:00 AM,75,41
01-08-2024,1:30:00 AM,299,145
31-07-2025,7:15:00 AM,18,220
04-01-2025,1:15:00 AM,166,173
12-05-2025,7:15:00 PM,273,11
28-04-2025,8:15:00 AM,233,123
29-03-2025,3:15:00 PM,165,184
21-12-2025,2:30:00 AM,350,179
24-09-2025,3:15:00 PM,384,8
06-09-2025,1:45:00 AM,282,226
25-09-2025,4:30:00 PM,158,63
08-06-2025,4:00:00 AM,327,157
26-07-2024,10:30:00 PM,130,73
26-09-2025,7:30:00 PM,161,184
16-05-2025,6:30:00 AM,97,195
07-02-2025,7:45:00 PM,310,158
21-10-2025,12:45:00 AM,297,153
02-08-2025,2:30:00 PM,354,152
01-07-2025,12:15:00 PM,389,187
23-08-2025,6:15:00 AM,400,93
07-06-2025,8:15:00 PM,296,196
30-11-2024,6:15:00 AM,85,137
05-12-2024,2:30:00 PM,167,224
22-10-2024,8:15:00 AM,380,24
23-07-2024,3:00:00 PM,334,76
25-10-2025,11:45:00 PM,162,30
03-12-2024,1:00:00 PM,172,58
10-10-2025,1:00:00 AM,290,76
21-08-2024,6:30:00 AM,138,191
12-07-2024,7:45:00 PM,282,13
26-11-2024,5:30:00 AM,156,152
17-05-2025,4:30:00 PM,45,32
04-06-2024,8:30:00 AM,202,75
04-11-2024,1:00:00 AM,281,149
20-07-2025,5:30:00 AM,228,41
04-09-2024,7:15:00 PM,292,130
04-06-2024,1:15:00 PM,207,20
26-12-2024,3:45:00 AM,162,229
25-11-2024,10:45:00 AM,111,183
16-07-2025,3:30:00 PM,322,81
30-05-2024,7:15:00 AM,390,45
13-11-2025,6:15:00 PM,115,181
06-06-2024,5:45:00 AM,187,107
25-02-2025,5:30:00 AM,351,103
02-03-2025,3:30:00 PM,189,93
06-06-2024,9:15:00 PM,79,139
07-06-2024,6:45:00 AM,244,223
05-01-2026,7:30:00 PM,90,28
08-08-2025,8:30:00 AM,62,27
05-03-2025,2:45:00 AM,399,80
12-05-2025,9:45:00 PM,23,68
19-07-2025,1:15:00 PM,310,105
24-05-2025,3:15:00 PM,180,22
20-11-2024,7:45:00 PM,320,86
13-09-2025,11:45:00 AM,117,56
18-03-2025,10:00:00 PM,65,145
19-10-2025,4:45:00 AM,230,166
17-07-2024,4:00:00 PM,93,81
26-06-2025,6:30:00 PM,134,149
22-06-2025,3:45:00 PM,323,162
27-08-2024,2:15:00 PM,346,45
20-05-2025,10:45:00 AM,143,151
12-04-2025,6:30:00 PM,221,105
01-05-2025,11:30:00 PM,44,220
30-12-2024,12:15:00 PM,162,135
14-01-2026,6:15:00 PM,349,175
09-08-2025,5:30:00 PM,268,215
09-11-2024,4:30:00 PM,223,106
28-08-2024,6:30:00 PM,88,101
10-01-2026,5:00:00 AM,222,156
26-09-2024,10:45:00 AM,3,76
12-08-2024,4:00:00 AM,82,30
26-01-2026,7:00:00 PM,336,32
03-02-2025,7:00:00 PM,148,125
24-08-2025,2:45:00 PM,317,147
27-07-2024,1:30:00 AM,236,10
11-06-2024,2:15:00 PM,172,168
21-02-2025,9:30:00 AM,39,213
04-11-2024,6:15:00 PM,153,94
01-07-2024,6:00:00 AM,52,141
05-12-2025,5:00:00 PM,394,85
13-06-2024,7:30:00 PM,146,51
18-12-2024,1:15:00 PM,325,42
24-06-2024,3:00:00 PM,316,182
24-03-2025,4:00:00 PM,205,166
29-09-2024,11:15:00 PM,232,18
01-01-2026,1:30:00 PM,16,89
03-05-2025,12:30:00 AM,211,115
29-10-2024,12:45:00 PM,225,60
24-06-2024,6:45:00 PM,400,202
01-07-2025,12:00:00 AM,312,191
18-12-2024,7:00:00 AM,218,20
28-12-2024,3:30:00 AM,152,10
19-07-2025,8:45:00 AM,309,20
08-08-2024,11:15:00 AM,264,229
16-05-2025,2:30:00 AM,130,97
25-06-2024,9:00:00 AM,213,126
09-03-2025,2:30:00 PM,334,214
09-12-2025,4:00:00 PM,117,27
24-07-2024,3:15:00 PM,390,89
27-12-2025,1:15:00 PM,188,155
13-05-2025,3:45:00 AM,322,92
22-08-2025,11:00:00 AM,52,207
14-10-2025,6:15:00 PM,26,154
15-11-2025,5:30:00 PM,306,92
06-09-2025,5:30:00 AM,284,90
13-04-2025,8:00:00 PM,133,163
08-05-2025,3:15:00 AM,366,66
28-01-2026,1:45:00 AM,385,167
31-12-2024,12:45:00 AM,360,100
08-09-2025,8:00:00 PM,149,179
18-11-2025,1:30:00 PM,349,57
22-04-2025,11:45:00 AM,175,8
29-12-2024,8:45:00 AM,44,44
25-05-2025,12:30:00 PM,195,33
03-03-2025,7:15:00 PM,132,173
08-11-2024,5:30:00 AM,359,84
20-03-2025,10:15:00 PM,79,47
10-10-2025,10:15:00 AM,244,163
26-01-2025,4:45:00 AM,46,178
08-07-2025,9:45:00 AM,219,153
08-12-2024,11:15:00 AM,382,206
29-08-2025,6:15:00 PM,337,65
10-08-2025,11:15:00 AM,153,95
23-06-2024,5:45:00 AM,311,52
13-10-2024,1:15:00 AM,135,125
13-12-2025,5:15:00 PM,225,12
24-11-2024,10:15:00 PM,133,216
08-03-2025,2:00:00 PM,110,132
10-11-2025,10:45:00 PM,314,218
25-05-2024,5:15:00 PM,16,121
19-09-2025,6:45:00 PM,286,102
04-08-2024,10:15:00 AM,274,148
05-11-2025,11:00:00 PM,316,107
25-07-2024,4:00:00 AM,242,6
22-07-2024,6:00:00 PM,21,52
05-10-2024,7:45:00 AM,278,195
15-05-2024,8:45:00 PM,35,169
15-08-2025,2:45:00 AM,385,20
23-10-2025,5:45:00 AM,122,168
24-01-2026,1:00:00 PM,327,144
03-01-2025,12:00:00 PM,186,177
03-08-2025,8:15:00 AM,146,71
04-10-2025,8:45:00 AM,85,6
19-01-2025,8:45:00 AM,349,49
14-07-2024,10:00:00 PM,276,65
30-05-2024,11:30:00 PM,91,25
31-07-2025,12:30:00 AM,8,49
01-12-2024,12:45:00 AM,191,182
18-01-2026,2:45:00 AM,322,109
25-10-2025,3:15:00 AM,95,10
07-11-2024,12:15:00 AM,90,67
28-05-2025,10:00:00 PM,358,227
15-09-2024,2:00:00 PM,184,141
12-10-2024,12:15:00 AM,14,63
02-12-2024,7:00:00 PM,304,231
25-11-2024,10:00:00 AM,161,114
15-11-2025,6:30:00 AM,117,49
03-12-2025,12:45:00 PM,253,23
21-01-2025,4:45:00 AM,270,121
27-12-2024,5:00:00 AM,211,127
23-11-2024,4:30:00 PM,122,140
12-08-2024,6:15:00 PM,57,108
07-06-2024,1:15:00 AM,36,205
18-08-2025,10:00:00 AM,275,226
15-03-2025,9:45:00 AM,182,1
28-03-2025,6:15:00 PM,233,112
06-07-2025,1:45:00 PM,217,228
04-09-2025,10:15:00 AM,213,150
17-07-2025,4:30:00 PM,118,105
15-04-2025,12:45:00 AM,25,88
08-01-2025,1:15:00 AM,162,58
08-01-2026,7:30:00 AM,149,15
31-10-2025,8:30:00 AM,112,28
27-09-2024,4:45:00 AM,306,182
23-10-2024,8:00:00 PM,166,182
19-01-2025,4:15:00 AM,392,97
08-02-2025,1:45:00 PM,399,103
28-08-2024,9:30:00 AM,267,105
08-01-2026,9:00:00 AM,264,201
07-11-2025,8:15:00 PM,399,12
11-12-2024,4:30:00 PM,250,24
15-02-2025,12:00:00 AM,213,4
20-09-2024,1:30:00 AM,204,68
30-08-2025,12:30:00 AM,106,166
26-08-2024,6:30:00 PM,400,19
12-03-2025,7:30:00 AM,187,97
08-06-2024,10:15:00 AM,119,122
27-12-2025,11:00:00 PM,259,92
25-04-2025,3:15:00 PM,302,10
28-05-2024,9:45:00 AM,20,46
13-08-2024,11:00:00 PM,214,203
08-09-2024,3:15:00 AM,190,141
14-10-2024,10:00:00 AM,276,101
12-06-2024,1:15:00 PM,103,79
28-11-2024,11:45:00 AM,164,138
18-10-2025,2:45:00 PM,8,92
20-11-2024,11:15:00 AM,315,86
09-12-2024,9:30:00 PM,114,6
25-09-2025,12:45:00 AM,377,34
11-09-2025,12:30:00 AM,51,96
03-06-2024,8:00:00 PM,290,123
06-12-2024,2:15:00 AM,297,20
25-10-2024,12:30:00 AM,288,111
20-11-2024,4:30:00 AM,67,118
08-01-2026,11:00:00 AM,3,139
07-06-2025,12:45:00 AM,337,68
21-09-2024,8:00:00 PM,210,86
10-06-2025,3:00:00 AM,377,90
03-08-2024,10:45:00 AM,67,221
08-11-2024,8:15:00 AM,30,89
03-12-2024,2:30:00 AM,136,61
11-10-2025,7:30:00 PM,166,89
06-11-2024,12:30:00 PM,185,132
22-09-2024,7:30:00 AM,112,200
14-10-2024,1:45:00 AM,47,232
08-10-2025,5:15:00 AM,186,185
13-12-2025,8:30:00 AM,388,131
26-07-2024,3:30:00 PM,364,130
26-03-2025,8:15:00 AM,297,68
02-12-2025,8:15:00 AM,380,230
09-08-2024,12:45:00 PM,303,227
01-06-2024,4:15:00 AM,146,204
18-10-2024,12:15:00 PM,38,205
31-08-2025,6:00:00 PM,357,43
28-11-2025,7:00:00 PM,169,59
22-11-2024,7:00:00 PM,142,96
02-10-2025,6:00:00 PM,316,43
07-01-2025,8:30:00 PM,15,192
09-08-2025,6:15:00 AM,123,218
13-04-2025,10:15:00 PM,48,195
05-08-2025,6:45:00 PM,184,18
30-11-2024,1:45:00 AM,199,167
27-10-2024,8:45:00 PM,94,42
02-11-2024,11:45:00 PM,6,137
05-08-2025,11:45:00 PM,129,42
29-11-2024,2:00:00 AM,114,169
21-10-2024,12:00:00 PM,186,35
20-08-2024,2:45:00 AM,237,61
27-11-2025,5:30:00 AM,253,8
09-07-2025,2:45:00 AM,288,202
03-01-2026,1:15:00 AM,241,171
04-04-2025,5:00:00 PM,380,46
29-06-2025,12:15:00 AM,59,43
05-06-2024,8:45:00 AM,261,85
29-01-2026,8:15:00 PM,68,163
01-12-2025,3:00:00 PM,42,73
23-07-2024,1:45:00 AM,12,146
21-06-2025,8:30:00 AM,370,145
08-10-2024,12:00:00 AM,174,99
16-11-2024,1:15:00 AM,342,82
16-10-2024,9:45:00 PM,92,215
26-09-2025,11:45:00 PM,178,96
20-02-2025,12:45:00 AM,59,146
19-10-2024,12:45:00 AM,372,135
22-05-2024,1:15:00 AM,399,224
01-04-2025,1:00:00 PM,270,191
24-12-2024,4:00:00 AM,139,231
15-08-2025,5:30:00 PM,101,160
03-04-2025,9:15:00 PM,51,236
23-01-2026,10:00:00 AM,87,31
16-06-2025,12:45:00 PM,1,68
